{
  "project_info": {
    "project_number": "930319747723",
    "project_id": "micheallib-1f9d8",
    "storage_bucket": "micheallib-1f9d8.appspot.com"
  },
  "client": [
    {
      "client_info": {
        "mobilesdk_app_id": "1:930319747723:android:d145cad431dd7b85ed628e",
        "android_client_info": {
          "package_name": "com.example.lib"
        }
      },
      "oauth_client": [
        {
          "client_id": "930319747723-5lm7vauinvj57he3bkvkqv30gkbplt5g.apps.googleusercontent.com",
          "client_type": 3
        }
      ],
      "api_key": [
        {
          "current_key": "AIzaSyD6-uOyFLQYSWoUXygNv9gs48HmBSpQZIQ"
        }
      ],
      "services": {
        "appinvite_service": {
          "other_platform_oauth_client": [
            {
              "client_id": "930319747723-5lm7vauinvj57he3bkvkqv30gkbplt5g.apps.googleusercontent.com",
              "client_type": 3
            }
          ]
        }
      }
    }
  ],
  "configuration_version": "1"
}